{
	"Administrator": false,
	"AltDrag": true,
	"AutoClip": false,
	"CapsLockLed": false,
	"CapsUnlock": false,
	"ClipboardManager": {
		"Menu": [{
			"Actions": [
				["Execute", "https://www.baidu.com/s?ie=UTF-8&wd=%clipboard%"]
			],
			"Name": "百度搜索(&B)",
			"Valid": true
		}, {
			"Actions": [
				["Execute", "https://www.google.com/search?q=%clipboard%"]
			],
			"Name": "谷歌搜索",
			"Valid": true
		}, {
			"Actions": [],
			"Name": "",
			"Valid": true
		}, {
			"Actions": [
				["Execute", "http://fanyi.youdao.com/translate?i=%clipboard%&keyfrom=plugin&smartresult=dict&smartresult=rule"]
			],
			"Name": "有道翻译(&Y)",
			"Valid": true
		}, {
			"Actions": [
				["Execute", "https://translate.google.com/?source=osdd#auto|auto|%clipboard%"]
			],
			"Name": "谷歌翻译",
			"Valid": true
		}, {
			"Actions": [],
			"Name": "搜索翻译",
			"Valid": true
		}, {
			"Actions": [
				["Algorithm", "b64decode", "%clipboard%"]
			],
			"Name": "base64解码",
			"Valid": true
		}, {
			"Actions": [
				["Algorithm", "b64encode", "%clipboard%"]
			],
			"Name": "base64编码",
			"Valid": true
		}, {
			"Actions": [
				["Algorithm", "urlencode", "%clipboard%"]
			],
			"Name": "urlencode",
			"Valid": true
		}, {
			"Actions": [
				["Algorithm", "urldecode", "%clipboard%"]
			],
			"Name": "urldecode",
			"Valid": true
		}, {
			"Actions": [
				["Algorithm", "cyberchef", "%clipboard%"]
			],
			"Name": "CyberChef(&C)",
			"Valid": true
		}, {
			"Actions": [],
			"Name": "",
			"Valid": true
		}, {
			"Actions": [
				["Algorithm", "md5", "%clipboard%"]
			],
			"Name": "md5",
			"Valid": true
		}, {
			"Actions": [
				["Algorithm", "sha1", "%clipboard%"]
			],
			"Name": "sha1",
			"Valid": true
		}, {
			"Actions": [],
			"Name": "",
			"Valid": true
		}, {
			"Actions": [
				["Algorithm", "sha256", "%clipboard%"]
			],
			"Name": "sha256",
			"Valid": true
		}, {
			"Actions": [
				["Algorithm", "qrcode", "%clipboard%"]
			],
			"Name": "二维码",
			"Valid": true
		}, {
			"Actions": [],
			"Name": "编码解码",
			"Valid": true
		}, {
			"Actions": [
				["Execute", "https://search.jd.com/Search?keyword=%clipboard%&enc=utf-8"]
			],
			"Name": "京东搜索",
			"Valid": true
		}, {
			"Actions": [
				["Execute", "http://s.taobao.com/search?q=%clipboard%"]
			],
			"Name": "淘宝搜索",
			"Valid": true
		}, {
			"Actions": [
				["Execute", "https://search.smzdm.com/?c=home&s=%clipboard%"]
			],
			"Name": "什么值得买",
			"Valid": true
		}, {
			"Actions": [],
			"Name": "购物",
			"Valid": true
		}, {
			"Actions": [
				["Execute", "https://ditu.amap.com/search?query=%clipboard%"]
			],
			"Name": "高德地图",
			"Valid": true
		}, {
			"Actions": [
				["Execute", "https://m.kuaidi100.com/result.jsp?nu=%clipboard%"]
			],
			"Name": "快递查询",
			"Valid": true
		}, {
			"Actions": [
				["Execute", "http://www.bilibili.tv/search?keyword=%clipboard%"]
			],
			"Name": "哔哩哔哩",
			"Valid": true
		}, {
			"Actions": [],
			"Name": "其他",
			"Valid": true
		}, {
			"Actions": [],
			"Name": "",
			"Valid": true
		}, {
			"Actions": [
				["Execute", "Everything.exe -s %clipboard%"]
			],
			"Name": "Everything",
			"Valid": true
		}],
		"Open": true
	},
	"Excludes": ["Photoshop.exe"],
	"FastPaste": false,
	"Gestures": [{
		"Data": [0, 100, 0, 0],
		"Sign": "UP"
	}, {
		"Data": [0, 0, 0, 100],
		"Sign": "DOWN"
	}, {
		"Data": [100, 0, 0, 0],
		"Sign": "LEFT"
	}, {
		"Data": [0, 0, 100, 0],
		"Sign": "RIGHT"
	}, {
		"Data": [100, 100, 0, 0],
		"Sign": "\\ UP"
	}, {
		"Data": [0, 0, 100, 100],
		"Sign": "\\ DOWN"
	}, {
		"Data": [0, 100, 100, 0],
		"Sign": "/ UP"
	}, {
		"Data": [100, 0, 0, 100],
		"Sign": "/ DOWN"
	}, {
		"Data": [40, 100, 50, 0, 60, 105],
		"Sign": "UP-DOWN"
	}, {
		"Data": [40, 0, 50, 100, 60, -5],
		"Sign": "DOWN-UP"
	}, {
		"Data": [100, 40, 0, 50, 105, 60],
		"Sign": "LEFT-RIGHT"
	}, {
		"Data": [0, 40, 100, 50, -5, 60],
		"Sign": "RIGHT-LEFT"
	}, {
		"Data": [100, 100, 100, 0, 0, 0],
		"Sign": "UP-LEFT"
	}, {
		"Data": [0, 100, 0, 0, 100, 0],
		"Sign": "UP-RIGHT"
	}, {
		"Data": [100, 0, 100, 100, 0, 100],
		"Sign": "DOWN-LEFT"
	}, {
		"Data": [0, 0, 0, 100, 100, 100],
		"Sign": "DOWN-RIGHT"
	}, {
		"Data": [100, 100, 0, 100, 0, 0],
		"Sign": "LEFT-UP"
	}, {
		"Data": [100, 0, 0, 0, 0, 100],
		"Sign": "LEFT-DOWN"
	}, {
		"Data": [0, 100, 100, 100, 100, 0],
		"Sign": "RIGHT-UP"
	}, {
		"Data": [0, 0, 100, 0, 100, 100],
		"Sign": "RIGHT-DOWN"
	}, {
		"Data": [0, 100, 0, 50, 50, 50, 50, -5],
		"Sign": "UP-RIGHT-UP"
	}, {
		"Data": [0, 0, 0, 50, 50, 50, 50, 105],
		"Sign": "DOWN-RIGHT-DOWN"
	}, {
		"Data": [0, 0, 0, 100, 100, 100, 100, 0, 5, 0],
		"Sign": "SQUARE"
	}, {
		"Data": [100, 0, 100, 100, 0, 100, 0, 0, 95, 0],
		"Sign": "SQUARE 2"
	}, {
		"Data": [0, 100, 25, 0, 50, 100, 75, 0, 100, 105],
		"Sign": "M"
	}, {
		"Data": [0, 0, 25, 100, 50, 0, 75, 100, 100, -5],
		"Sign": "W"
	}, {
		"Data": [50, 0, 30, 4, 16, 13, 6, 25, 2, 34, 0, 50, 2, 66, 6, 75, 16, 87, 30, 96, 55, 100],
		"Sign": "C"
	}, {
		"Data": [50, 0, 30, 4, 16, 13, 6, 25, 2, 34, 0, 50, 2, 66, 6, 75, 16, 87, 30, 96, 50, 100, 70, 96, 84, 87, 94, 75, 98, 66, 100, 50, 98, 34, 94, 25, 84, 13, 70, 4, 55, 0],
		"Sign": "O"
	}, {
		"Data": [30, 100, 30, 0, 70, 0, 70, 50, 40, 50],
		"Sign": "P"
	}, {
		"Data": [30, 100, 30, 0, 70, 0, 70, 50, 40, 50, 70, 105],
		"Sign": "R"
	}, {
		"Data": [30, 100, 30, 0, 70, 0, 70, 45, 40, 50, 70, 55, 70, 100, 35, 100],
		"Sign": "B"
	}, {
		"Data": [30, 0, 30, 100, 30, 50, 50, 50, 70, 50, 70, 105],
		"Sign": "h"
	}, {
		"Data": [0, 100, 0, 0, 70, 100, 70, -5],
		"Sign": "N"
	}, {
		"Data": [70, 0, 0, 0, 0, 50, 70, 50, 70, 100, -5, 100],
		"Sign": "S"
	}, {
		"Data": [0, 0, 70, 0, 0, 100, 75, 100],
		"Sign": "Z"
	}, {
		"Data": [0, 0, 50, 20, 0, 40, 50, 60, -5, 80],
		"Sign": "3"
	}, {
		"Data": [190, 0, 207, 12, 222, 20, 243, 29, 271, 39, 301, 51, 339, 62, 379, 70, 425, 78, 472, 83, 517, 88, 560, 90, 600, 94, 635, 96, 666, 100, 693, 103, 716, 104, 734, 105, 746, 106, 748, 119, 741, 132, 732, 152, 720, 178, 706, 208, 691, 242, 675, 278, 659, 317, 642, 358, 623, 400, 605, 444, 587, 489, 572, 531, 560, 568, 548, 600, 538, 626, 529, 647, 522, 665, 517, 678, 513, 688, 509, 698, 498, 693, 489, 683, 481, 673, 467, 661, 458, 653, 447, 645, 434, 635, 416, 624, 394, 611, 366, 598, 332, 584, 293, 570, 249, 557, 207, 546, 166, 534, 129, 525, 96, 515, 67, 506, 45, 499, 28, 492, 16, 489, 5, 484, 0, 475, 1, 461, 3, 442, 4, 429, 7, 416, 9, 401, 14, 385, 19, 366, 25, 346, 33, 325, 40, 303, 49, 281, 59, 257, 67, 232, 76, 208, 85, 184, 92, 162, 100, 142, 106, 123, 112, 108, 117, 95, 121, 84, 127, 68, 131, 55, 134, 45, 140, 33, 147, 22, 150, 12, 159, 7, 169, 7, 179, 6],
		"Sign": "ocr2"
	}, {
		"Data": [214, 0, 204, 23, 197, 40, 188, 71, 175, 112, 161, 159, 145, 213, 126, 267, 104, 325, 80, 380, 57, 429, 35, 468, 17, 498, 7, 515, 0, 524, 17, 501, 39, 481, 70, 458, 109, 434, 152, 412, 193, 397, 224, 387, 244, 382, 256, 380, 262, 392, 258, 402, 253, 413, 246, 425, 238, 439, 231, 451, 224, 462, 217, 475, 216, 486, 232, 492, 243, 495, 258, 498, 275, 499, 295, 499, 317, 497, 343, 492, 368, 483, 388, 471, 408, 458, 423, 444, 439, 423, 450, 403, 460, 381, 465, 362, 467, 340, 466, 324, 463, 309, 460, 298, 449, 287, 436, 286, 427, 292, 418, 300, 408, 312, 400, 328, 393, 351, 389, 377, 388, 398, 390, 417, 395, 432, 402, 446, 410, 457, 420, 466, 430, 474, 443, 481, 456, 485, 471, 488, 484, 489, 498, 489, 511, 485, 525, 481, 537, 474, 549, 466, 559, 456, 568, 447, 576, 436, 583, 424, 588, 412, 591, 402, 592, 392, 593, 382, 595, 371, 596, 358, 596, 346, 594, 336],
		"Sign": "hh"
	}, {
		"Data": [205, 0, 192, 11, 184, 17, 175, 25, 162, 34, 150, 46, 134, 56, 120, 66, 106, 75, 92, 85, 78, 93, 66, 102, 54, 108, 43, 115, 30, 125, 21, 131, 10, 138, 0, 145, 0, 155, 11, 164, 21, 171, 30, 177, 40, 185, 54, 194, 68, 203, 84, 214, 101, 224, 118, 235, 134, 244, 150, 253, 164, 259, 176, 266, 185, 271, 198, 280, 206, 286],
		"Sign": "LEFT-ANGLE-BRACKET"
	}, {
		"Data": [0, 0, 9, 6, 24, 16, 39, 27, 50, 34, 61, 42, 71, 50, 84, 58, 96, 66, 110, 73, 122, 80, 134, 87, 146, 93, 159, 100, 169, 107, 178, 112, 187, 117, 200, 126, 212, 134, 224, 142, 234, 149, 243, 155, 255, 164, 266, 170, 261, 182, 250, 190, 242, 197, 233, 203, 224, 211, 215, 219, 205, 227, 196, 233, 187, 240, 178, 245, 165, 255, 153, 263, 141, 271, 128, 278, 117, 285, 103, 292, 94, 297, 83, 303, 71, 309, 62, 314, 50, 320, 40, 325, 31, 330, 20, 335, 11, 340],
		"Sign": "RIGHT-ANGLE-BRACKET"
	}],
	"HotCorner": {
		"BottomLeft": {
			"Actions": [
				["SendKeys", "Win"]
			],
			"Name": "开始菜单",
			"Valid": true
		},
		"BottomRight": {
			"Actions": [
				["SendKeys", "Win+D"]
			],
			"Name": "显示桌面",
			"Valid": true
		},
		"Open": false,
		"TopLeft": {
			"Actions": [
				["SendKeys", "Win+Tab"]
			],
			"Name": "切换桌面",
			"Valid": true
		},
		"TopRight": {
			"Actions": [
				["SendKeys", "Alt+F4"]
			],
			"Name": "关闭程序",
			"Valid": false
		}
	},
	"Hotkeys": [{
		"Actions": [
			["ScreenshotHQ", "ToFile", "DrawCursor|TransparencyGrid"]
		],
		"Keys": "Ctrl+PrtSc",
		"Name": "高清截图",
		"Valid": true
	}, {
		"Actions": [
			["Execute", "notepad.exe"]
		],
		"Keys": "Win+N",
		"Name": "打开记事本",
		"Valid": false
	}, {
		"Actions": [
			["Explorer", "select", "%filepath%"]
		],
		"Keys": "Ctrl+Alt+E",
		"Name": "定位程序位置",
		"Valid": true
	}, {
		"Actions": [
			["Window", "HideTray"]
		],
		"Keys": "Ctrl+Alt+Z",
		"Name": "隐藏窗口到托盘",
		"Valid": false
	}, {
		"Actions": [
			["SetBrightness", "UP"]
		],
		"Keys": "Alt+PageUp",
		"Name": "调高亮度",
		"Valid": false
	}, {
		"Actions": [
			["SetBrightness", "DOWN"]
		],
		"Keys": "Alt+PageDown",
		"Name": "调低亮度",
		"Valid": false
	}, {
		"Actions": [
			["SetBrightness", "DEFAULT"]
		],
		"Keys": "Alt+End",
		"Name": "默认亮度",
		"Valid": false
	}, {
		"Actions": [
			["Internal", "Pause"]
		],
		"Keys": "Ctrl+Alt+M",
		"Name": "暂停恢复MouseInc",
		"Valid": false
	}, {
		"Actions": [
			["Internal", "Icon"]
		],
		"Keys": "Ctrl+Alt+I",
		"Name": "切换MouseInc图标",
		"Valid": false
	}, {
		"Actions": [
			["Snapshot", "PiP"]
		],
		"Keys": "Ctrl+Alt+P",
		"Name": "框选画中画",
		"Valid": true
	}, {
		"Actions": [
			["Snapshot", "OCR"]
		],
		"Keys": "Ctrl+Alt+O",
		"Name": "框选OCR",
		"Valid": true
	}, {
		"Actions": [
			["GetClipboard", "Stick"]
		],
		"Keys": "Ctrl+Alt+P",
		"Name": "剪贴板贴图",
		"Valid": true
	}],
	"IgnoreFullScreen": true,
	"KeySound": false,
	"KeySoundIndex": 0,
	"Keycast": {
		"BackgroundColor": "#353535",
		"Fade": 3,
		"FontSize": 16,
		"IgnoreSingle": false,
		"Open": true,
		"Space": 10,
		"TextColor": "#FFFFFF",
		"TextShadowColor": "#141414",
		"X": 60,
		"Y": 800
	},
	"Language": "auto",
	"Locales": {
		"en-US": {
			"About": "About(&A)...",
			"Autorun": "Start on boot(&A)",
			"AutorunTips": "You are executing this software in the temporary folder. It is not recommended to enable the start on boot. \nIf you still want to start on boot, select Yes.",
			"BrightnessTips": "Current brightness {0}%",
			"CheckUpdate": "Check Update(&U)",
			"ExcludeTips": "Are you sure you want to exclude {0}?",
			"Exit": "Exit(&X)",
			"FailedTips": "An unknown error has occurred, please try again later",
			"Help": "Help(&H)",
			"Manual": "Manual(&M)...",
			"NewGesture": "Add new gesture",
			"NewGestureDesc": "Don't repeat existing gesture",
			"NewGestureName": "Name:",
			"NewGestureOK": "OK",
			"NoAction": "NoAction",
			"NoMatch": "NoMatch",
			"Pause": "Pause(&P)",
			"PermissionError": "The current directory cannot be written to the configuration file, and the program cannot be executed correctly!",
			"ReloadConfig": "Reload Config(&C)",
			"ReloadSucess": "The configuration file has been reloaded",
			"Settings": "Settings(&S)...",
			"SuccessTips": "The operation was successful (content has been copied to the clipboard)",
			"UpdateCheckError": "Check for update failed, please try again later",
			"UpdateCheckLatest": "Congratulations, you are using the latest version",
			"UpdateSuccess": "Congratulations you have updated to the new version {0}",
			"UpdateTips": "Found a new version: {0}\nUpdated content: {1}\n\nDo you want to update now?"
		},
		"zh-CN": {
			"About": "关于(&A)...",
			"Autorun": "开机启动(&A)",
			"AutorunTips": "您正在临时文件夹中运行本软件，不建议启用开机启动。\n如果您依然想要开机启动，请选择 是。",
			"BrightnessTips": "当前亮度 {0}%",
			"CheckUpdate": "检查更新(&U)",
			"ExcludeTips": "你确定要排除 {0} 吗？",
			"Exit": "退出(&X)",
			"FailedTips": "发生未知错误，请稍候再试",
			"Help": "帮助(&H)",
			"Manual": "手册(&M)...",
			"NewGesture": "添加新手势",
			"NewGestureDesc": "注意不要和已有手势重复",
			"NewGestureName": "名称：",
			"NewGestureOK": "确定",
			"NoAction": "手势无动作",
			"NoMatch": "手势无匹配",
			"Pause": "暂停使用(&P)",
			"PermissionError": "当前目录无法写入配置文件，程序无法正确运行！",
			"ReloadConfig": "刷新配置(&C)",
			"ReloadSucess": "配置文件已经重新加载",
			"Settings": "打开设置(&S)...",
			"SuccessTips": "操作成功（内容已经复制到剪贴板）",
			"UpdateCheckError": "检查更新失败，请稍候再试",
			"UpdateCheckLatest": "恭喜，您使用的已经是最新版",
			"UpdateSuccess": "恭喜你已经更新到新版本{0}",
			"UpdateTips": "发现新版本：{0}\n更新内容：{1}\n\n是否立刻更新？"
		},
		"zh-TW": {
			"About": "關於(&A)...",
			"Autorun": "開機啟動(&A)",
			"AutorunTips": "您正在暫存資料夾中執行本軟體，不建議啟用開機啟動功能。\n如果您依然想要開機啟動，請選擇 是。",
			"BrightnessTips": "当前亮度 {0}%",
			"CheckUpdate": "檢查更新(&U)",
			"ExcludeTips": "您確定要排除 {0} 嗎？",
			"Exit": "結束(&X)",
			"FailedTips": "發生未知錯誤，請稍候再試",
			"Help": "說明(&H)",
			"Manual": "手冊(&M)...",
			"NewGesture": "新增手勢",
			"NewGestureDesc": "注意不要和已有手勢重複",
			"NewGestureName": "名稱：",
			"NewGestureOK": "確定",
			"NoAction": "手勢無動作",
			"NoMatch": "無相符手勢",
			"Pause": "暫停使用(&P)",
			"PermissionError": "目前目錄無法寫入設定檔，程式無法正確執行！",
			"ReloadConfig": "重新整理設定(&C)",
			"ReloadSucess": "設定檔已重新載入",
			"Settings": "設定(&S)...",
			"SuccessTips": "操作成功（內容已經複製至剪貼簿）",
			"UpdateCheckError": "檢查更新失敗，請稍候再試",
			"UpdateCheckLatest": "恭喜，您使用的已是最新版",
			"UpdateSuccess": "恭喜您已經更新至新版本{0}",
			"UpdateTips": "發現新版本：{0}\n更新內容：{1}\n\n是否立刻更新？"
		}
	},
	"MatchCustom": [{
		"IgnoreGlobal": false,
		"List": [{
			"Actions": [
				["SendKeys", "Home"]
			],
			"Name": "页面顶部",
			"Sign": "UP",
			"Valid": true
		}, {
			"Actions": [
				["SendKeys", "End"]
			],
			"Name": "页面底部",
			"Sign": "DOWN",
			"Valid": true
		}, {
			"Actions": [
				["SendKeys", "Ctrl+R"]
			],
			"Name": "刷新",
			"Sign": "DOWN-UP",
			"Valid": true
		}, {
			"Actions": [
				["SendKeys", "Ctrl+Shift+R"]
			],
			"Name": "强制刷新",
			"Sign": "UP-DOWN",
			"Valid": true
		}, {
			"Actions": [
				["SendKeys", "Ctrl+W"]
			],
			"Name": "关闭标签",
			"Sign": "DOWN-RIGHT",
			"Valid": true
		}, {
			"Actions": [
				["SendKeys", "Ctrl+PgDn"]
			],
			"Name": "切换到右侧标签",
			"Sign": "RIGHT-LEFT",
			"Valid": false
		}, {
			"Actions": [
				["SendKeys", "Ctrl+PgUp"]
			],
			"Name": "切换到左侧标签",
			"Sign": "LEFT-RIGHT",
			"Valid": false
		}, {
			"Actions": [
				["SendKeys", "Alt+Home"]
			],
			"Name": "打开主页",
			"Sign": "h",
			"Valid": true
		}],
		"Match": ["Chrome.exe", "Firefox.exe", "MicrosoftEdge.exe", "iexplore.exe", "msedge.exe", "safari.exe", "opera.exe", "qqbrowser.exe", "360chrome.exe"],
		"Name": "浏览器"
	}, {
		"IgnoreGlobal": false,
		"List": [{
			"Actions": [
				["SendKeys", "Ctrl+Shift+N"]
			],
			"Name": "隐私窗口",
			"Sign": "P",
			"Valid": true
		}, {
			"Actions": [
				["PostMessage", "274", "40022"]
			],
			"Name": "扩展程序",
			"Sign": "R",
			"Valid": true
		}],
		"Match": ["Chrome.exe"],
		"Name": "Chrome"
	}, {
		"IgnoreGlobal": false,
		"List": [{
			"Actions": [
				["SendKeys", "Ctrl+Shift+P"]
			],
			"Name": "隐私窗口",
			"Sign": "P",
			"Valid": true
		}],
		"Match": ["Firefox.exe"],
		"Name": "Firefox"
	}, {
		"IgnoreGlobal": false,
		"List": [{
			"Actions": [
				["SendKeys", "Ctrl+Alt+PgUp"]
			],
			"Name": "滚轮切换-上",
			"Sign": "WheelSwitchUp",
			"Valid": true
		}, {
			"Actions": [
				["SendKeys", "Ctrl+Alt+PgDn"]
			],
			"Name": "滚轮切换-下",
			"Sign": "WheelSwitchDown",
			"Valid": true
		}, {
			"Actions": [
				["SendKeys", "Ctrl+F4"]
			],
			"Name": "idea当前关闭文档",
			"Sign": "RIGHT-DOWN",
			"Valid": true
		}, {
			"Actions": [
				["SendKeys", "Alt+Left"]
			],
			"Name": "",
			"Sign": "LEFT",
			"Valid": true
		}, {
			"Actions": [
				["SendKeys", "Alt+Right"]
			],
			"Name": "",
			"Sign": "RIGHT",
			"Valid": true
		}],
		"Match": ["devenv.exe", "Code.exe"],
		"Name": "Visual Studio"
	}, {
		"IgnoreGlobal": false,
		"List": [{
			"Actions": [
				["SendKeys", "Ctrl+Alt+PgUp"]
			],
			"Name": "滚轮切换-上",
			"Sign": "WheelSwitchUp",
			"Valid": true
		}, {
			"Actions": [
				["SendKeys", "Ctrl+Alt+PgDn"]
			],
			"Name": "滚轮切换-下",
			"Sign": "WheelSwitchDown",
			"Valid": true
		}, {
			"Actions": [
				["SendKeys", "Ctrl+F4"]
			],
			"Name": "idea关闭文档",
			"Sign": "RIGHT-DOWN",
			"Valid": true
		}, {
			"Actions": [
				["SendKeys", "Ctrl+Alt+Right"]
			],
			"Name": "下一光标",
			"Sign": "RIGHT",
			"Valid": true
		}, {
			"Actions": [
				["SendKeys", "Ctrl+Alt+Left"]
			],
			"Name": "上一光标",
			"Sign": "LEFT",
			"Valid": true
		}, {
			"Actions": [
				["SendKeys", "Alt+Left"]
			],
			"Name": "左标签",
			"Sign": "LEFT-RIGHT",
			"Valid": true
		}, {
			"Actions": [
				["SendKeys", "Alt+Right"]
			],
			"Name": "右标签",
			"Sign": "RIGHT-LEFT",
			"Valid": true
		}, {
			"Actions": [
				["SendKeys", "Alt+Left"]
			],
			"Name": "左标签",
			"Sign": "LEFT-ANGLE-BRACKET",
			"Valid": true
		}, {
			"Actions": [
				["SendKeys", "Alt+Right"]
			],
			"Name": "右标签",
			"Sign": "RIGHT-ANGLE-BRACKET",
			"Valid": true
		}],
		"Match": ["idea64.exe"],
		"Name": "Idea"
	}],
	"MatchGlobal": [{
		"Actions": [
			["SendKeys", "Ctrl+C"]
		],
		"Name": "复制",
		"Sign": "UP",
		"Valid": false
	}, {
		"Actions": [
			["SendKeys", "Ctrl+V"]
		],
		"Name": "粘贴",
		"Sign": "DOWN",
		"Valid": false
	}, {
		"Actions": [
			["SendKeys", "Forward"]
		],
		"Name": "前进",
		"Sign": "RIGHT",
		"Valid": true
	}, {
		"Actions": [
			["SendKeys", "Back"]
		],
		"Name": "后退",
		"Sign": "LEFT",
		"Valid": true
	}, {
		"Actions": [
			["Window", "Close"]
		],
		"Name": "关闭窗口",
		"Sign": "DOWN-RIGHT",
		"Valid": true
	}, {
		"Actions": [
			["Window", "CloseSimilar"]
		],
		"Name": "关闭相似窗口",
		"Sign": "DOWN-LEFT",
		"Valid": true
	}, {
		"Actions": [
			["Window", "Maximize"]
		],
		"Name": "窗口最大化/还原",
		"Sign": "/ UP",
		"Valid": true
	}, {
		"Actions": [
			["Window", "Minimize"]
		],
		"Name": "窗口最小化",
		"Sign": "/ DOWN",
		"Valid": true
	}, {
		"Actions": [
			["SendKeys", "Escape"]
		],
		"Name": "Esc",
		"Sign": "\\ UP",
		"Valid": true
	}, {
		"Actions": [
			["SendKeys", "Delete"]
		],
		"Name": "Del",
		"Sign": "\\ DOWN",
		"Valid": true
	}, {
		"Actions": [
			["SendKeys", "Ctrl+C"],
			["Execute", "https://www.baidu.com/s?ie=UTF-8&wd=%clipboard%"]
		],
		"Name": "搜索选中文字",
		"Sign": "S",
		"Valid": true
	}, {
		"Actions": [
			["SendKeys", "Ctrl+C"],
			["Execute", "cmd /k ping %clipboard%"]
		],
		"Name": "ping选中地址",
		"Sign": "P",
		"Valid": true
	}, {
		"Actions": [
			["Execute", "notepad.exe %systemroot%\\system32\\drivers\\etc\\hosts", "admin"]
		],
		"Name": "编辑hosts",
		"Sign": "h",
		"Valid": true
	}, {
		"Actions": [
			["Execute", "Calc"]
		],
		"Name": "打开计算器",
		"Sign": "C",
		"Valid": false
	}, {
		"Actions": [
			["Screenshot", "Stick"]
		],
		"Name": "贴图",
		"Sign": "SQUARE",
		"Valid": true
	}, {
		"Actions": [
			["Screenshot", "OCR"]
		],
		"Name": "OCR",
		"Sign": "SQUARE 2",
		"Valid": true
	}, {
		"Actions": [
			["Internal", "Exit"]
		],
		"Name": "退出MouseInc",
		"Sign": "W",
		"Valid": true
	}, {
		"Actions": [
			["Internal", "Exclude"]
		],
		"Name": "排除当前程序",
		"Sign": "Z",
		"Valid": true
	}, {
		"Actions": [
			["Internal", "Settings"]
		],
		"Name": "设置MouseInc",
		"Sign": "M",
		"Valid": true
	}, {
		"Actions": [
			["Execute", "notepad.exe %appdir%\\MouseInc.json", "wait"],
			["Internal", "Reload"]
		],
		"Name": "设置MouseInc",
		"Sign": "M",
		"Valid": false
	}, {
		"Actions": [
			["SendKeys", "Ctrl+PgUp"]
		],
		"Name": "滚轮切换-上",
		"Sign": "WheelSwitchUp",
		"Valid": true
	}, {
		"Actions": [
			["SendKeys", "Ctrl+PgDn"]
		],
		"Name": "滚轮切换-下",
		"Sign": "WheelSwitchDown",
		"Valid": true
	}, {
		"Actions": [
			["Screenshot", "OCR"]
		],
		"Name": "ocr2",
		"Sign": "ocr2",
		"Valid": true
	}, {
		"Actions": [
			["Window", "Top"]
		],
		"Name": "置顶",
		"Sign": "UP-RIGHT",
		"Valid": true
	}, {
		"Actions": [
			["SendKeys", "Ctrl+F4"]
		],
		"Name": "idea 关闭文档",
		"Sign": "RIGHT-DOWN",
		"Valid": false
	}, {
		"Actions": [
			["SendKeys", "Ctrl+Home"]
		],
		"Name": "页面顶部",
		"Sign": "UP",
		"Valid": true
	}, {
		"Actions": [
			["SendKeys", "Ctrl+End"]
		],
		"Name": "页面底部",
		"Sign": "DOWN",
		"Valid": true
	}],
	"MouseGesture": {
		"AddMode": true,
		"DrawColor": "#E47542",
		"DrawResult": true,
		"DrawTrace": true,
		"FailColor": "#CAD0D3",
		"FontSize": 26,
		"Offset": 150,
		"Open": true,
		"RandColor": false,
		"RestoreEvent": false,
		"Sensitive": 50,
		"StartDistance": 5,
		"Timeout": 1000,
		"TraceArrow": true,
		"TraceWidth": 3,
		"WheelSwitch": true
	},
	"OcrService": 0,
	"QuickJump": null,
	"ShowIme": null,
	"ShowTrayIcon": true,
	"VolumeControlSound": false,
	"VolumeSoundIndex": 0,
	"WheelAltControl": true,
	"WheelEdge": {
		"Bottom": {
			"DownActions": [
				["SendKeys", "Ctrl+Alt+Tab"]
			],
			"Name": "程序切换",
			"PressActions": [
				["SendKeys", "Space"]
			],
			"UpActions": [
				["SendKeys", "Ctrl+Alt+Shift+Tab"]
			],
			"Valid": false
		},
		"Left": {
			"DownActions": [
				["SendKeys", "VolumeDown"]
			],
			"Name": "音量调节",
			"PressActions": [
				["SendKeys", "VolumeMute"]
			],
			"UpActions": [
				["SendKeys", "VolumeUp"]
			],
			"Valid": true
		},
		"Open": true,
		"Right": {
			"DownActions": [
				["SetBrightness", "Down"]
			],
			"Name": "亮度调节",
			"PressActions": [
				["SetBrightness", "DEFAULT"]
			],
			"UpActions": [
				["SetBrightness", "Up"]
			],
			"Valid": true
		},
		"Top": {
			"DownActions": [
				["SendKeys", "Ctrl+PgDn"]
			],
			"Name": "标签页切换",
			"PressActions": [],
			"UpActions": [
				["SendKeys", "Ctrl+PgUp"]
			],
			"Valid": true
		}
	},
	"WheelNatural": false,
	"WheelThrough": false
}